bid_id,category,buyer,quantity,bid_value,award_date,winner_name,winner_price,num_bidders,vendor_name,vendor_rank,vendor_price,status_flag
GEM/2026/B/7484220,Cyber Security Audit - Security and Compliance Audit,Revenue and Relief Department Jammu and Kashmir,1.0,11000.0,,Cypros Technologies Private Limited Under Pma,11000.0,16,Aks Information Technology Services Private Limited Under Pma,,,unranked_vendor
GEM/2026/B/7484220,Cyber Security Audit - Security and Compliance Audit,Revenue and Relief Department Jammu and Kashmir,1.0,11000.0,,Cypros Technologies Private Limited Under Pma,11000.0,16,Allied Boston Consultants India Private Limited Under Pma,L7,59000.0,ok
GEM/2026/B/7484220,Cyber Security Audit - Security and Compliance Audit,Revenue and Relief Department Jammu and Kashmir,1.0,11000.0,,Cypros Technologies Private Limited Under Pma,11000.0,16,Anb Solutions Private Limited Under Pma,L3,16000.0,ok
GEM/2026/B/7484220,Cyber Security Audit - Security and Compliance Audit,Revenue and Relief Department Jammu and Kashmir,1.0,11000.0,,Cypros Technologies Private Limited Under Pma,11000.0,16,Arridae Infosec Private Limited Under Pma,,,unranked_vendor
GEM/2026/B/7484220,Cyber Security Audit - Security and Compliance Audit,Revenue and Relief Department Jammu and Kashmir,1.0,11000.0,,Cypros Technologies Private Limited Under Pma,11000.0,16,Cypros Technologies Private Limited Under Pma,L1,11000.0,ok
GEM/2026/B/7484220,Cyber Security Audit - Security and Compliance Audit,Revenue and Relief Department Jammu and Kashmir,1.0,11000.0,,Cypros Technologies Private Limited Under Pma,11000.0,16,Digital Age Strategies Private Limited Under Pma,,,unranked_vendor
GEM/2026/B/7484220,Cyber Security Audit - Security and Compliance Audit,Revenue and Relief Department Jammu and Kashmir,1.0,11000.0,,Cypros Technologies Private Limited Under Pma,11000.0,16,Dr Cbs Cyber Security Services Llp Under Pma,,,unranked_vendor
GEM/2026/B/7484220,Cyber Security Audit - Security and Compliance Audit,Revenue and Relief Department Jammu and Kashmir,1.0,11000.0,,Cypros Technologies Private Limited Under Pma,11000.0,16,Dreamworks Infotech Private Limited Under Pma,,,unranked_vendor
GEM/2026/B/7484220,Cyber Security Audit - Security and Compliance Audit,Revenue and Relief Department Jammu and Kashmir,1.0,11000.0,,Cypros Technologies Private Limited Under Pma,11000.0,16,G-Info Technology Solutions Private Limited Under Pma,,,unranked_vendor
GEM/2026/B/7484220,Cyber Security Audit - Security and Compliance Audit,Revenue and Relief Department Jammu and Kashmir,1.0,11000.0,,Cypros Technologies Private Limited Under Pma,11000.0,16,Innovador Infotech Private Limited Under Pma,,,unranked_vendor
GEM/2026/B/7484220,Cyber Security Audit - Security and Compliance Audit,Revenue and Relief Department Jammu and Kashmir,1.0,11000.0,,Cypros Technologies Private Limited Under Pma,11000.0,16,Levithan Technologies Private Limited Under Pma,L6,42480.0,ok
GEM/2026/B/7484220,Cyber Security Audit - Security and Compliance Audit,Revenue and Relief Department Jammu and Kashmir,1.0,11000.0,,Cypros Technologies Private Limited Under Pma,11000.0,16,Peneto Labs Private Limited Under Pma,,,unranked_vendor
GEM/2026/B/7484220,Cyber Security Audit - Security and Compliance Audit,Revenue and Relief Department Jammu and Kashmir,1.0,11000.0,,Cypros Technologies Private Limited Under Pma,11000.0,16,Phoenix Technocyber Under Pma,L7,59000.0,ok
GEM/2026/B/7484220,Cyber Security Audit - Security and Compliance Audit,Revenue and Relief Department Jammu and Kashmir,1.0,11000.0,,Cypros Technologies Private Limited Under Pma,11000.0,16,Pyramid Cyber Security & Forensic Private Limited Under Pma,L2,11980.0,ok
GEM/2026/B/7484220,Cyber Security Audit - Security and Compliance Audit,Revenue and Relief Department Jammu and Kashmir,1.0,11000.0,,Cypros Technologies Private Limited Under Pma,11000.0,16,Secnic Consultancy Services Private Limited Under Pma,L4,17650.0,ok
GEM/2026/B/7484220,Cyber Security Audit - Security and Compliance Audit,Revenue and Relief Department Jammu and Kashmir,1.0,11000.0,,Cypros Technologies Private Limited Under Pma,11000.0,16,Securium Solutions Private Limited Under Pma,L5,41300.0,ok
GEM/2026/B/7419591,Scanner (V3),Ministry of Health and Family WelfareDepartment of Health and Family Welfare,1.0,209000.0,,Vijex Office Equipments Private Limited Under Pma,209000.0,9,Astric Computers Under Pma,L2,209400.0,ok
GEM/2026/B/7419591,Scanner (V3),Ministry of Health and Family WelfareDepartment of Health and Family Welfare,1.0,209000.0,,Vijex Office Equipments Private Limited Under Pma,209000.0,9,Cyber Max Enterprises Under Pma,,,unranked_vendor
GEM/2026/B/7419591,Scanner (V3),Ministry of Health and Family WelfareDepartment of Health and Family Welfare,1.0,209000.0,,Vijex Office Equipments Private Limited Under Pma,209000.0,9,Perfect World Computer Under Pma,L3,209999.0,ok
GEM/2026/B/7419591,Scanner (V3),Ministry of Health and Family WelfareDepartment of Health and Family Welfare,1.0,209000.0,,Vijex Office Equipments Private Limited Under Pma,209000.0,9,Rainbow Enterprises Under Pma,,,unranked_vendor
GEM/2026/B/7419591,Scanner (V3),Ministry of Health and Family WelfareDepartment of Health and Family Welfare,1.0,209000.0,,Vijex Office Equipments Private Limited Under Pma,209000.0,9,Runvy Under Pma,,,unranked_vendor
GEM/2026/B/7419591,Scanner (V3),Ministry of Health and Family WelfareDepartment of Health and Family Welfare,1.0,209000.0,,Vijex Office Equipments Private Limited Under Pma,209000.0,9,Salasar Techno Traders Under Pma,,,unranked_vendor
GEM/2026/B/7419591,Scanner (V3),Ministry of Health and Family WelfareDepartment of Health and Family Welfare,1.0,209000.0,,Vijex Office Equipments Private Limited Under Pma,209000.0,9,Sunce Info Solution Private Limited Under Pma,L4,215280.0,ok
GEM/2026/B/7419591,Scanner (V3),Ministry of Health and Family WelfareDepartment of Health and Family Welfare,1.0,209000.0,,Vijex Office Equipments Private Limited Under Pma,209000.0,9,Vijex Office Equipments Private Limited Under Pma,L1,209000.0,ok
GEM/2026/B/7419591,Scanner (V3),Ministry of Health and Family WelfareDepartment of Health and Family Welfare,1.0,209000.0,,Vijex Office Equipments Private Limited Under Pma,209000.0,9,Yaru Tech Under Pma,,,unranked_vendor
GEM/2026/B/7528899,"Cap Stand 40 x 28 inch,Sofa with Table,Cane stand,Box Wall Hanging,Dinning Chair",Ministry of DefenceDepartment of Military Affairs,8.0,1100704.0,,Chandra Shekhar Exports(Mse)( Mse Social Category:General ) Under Pma,137588.0,5,Chandra Shekhar Exports Under Pma,,,unranked_vendor
GEM/2026/B/7528899,"Cap Stand 40 x 28 inch,Sofa with Table,Cane stand,Box Wall Hanging,Dinning Chair",Ministry of DefenceDepartment of Military Affairs,8.0,1100704.0,,Chandra Shekhar Exports(Mse)( Mse Social Category:General ) Under Pma,137588.0,5,Climpex Under Pma,L2,177000.0,ok
GEM/2026/B/7528899,"Cap Stand 40 x 28 inch,Sofa with Table,Cane stand,Box Wall Hanging,Dinning Chair",Ministry of DefenceDepartment of Military Affairs,8.0,1100704.0,,Chandra Shekhar Exports(Mse)( Mse Social Category:General ) Under Pma,137588.0,5,Zior Furniture India Private Limited Under Pma,,,unranked_vendor
GEM/2026/B/7528899,"Cap Stand 40 x 28 inch,Sofa with Table,Cane stand,Box Wall Hanging,Dinning Chair",Ministry of DefenceDepartment of Military Affairs,8.0,1100704.0,,Chandra Shekhar Exports(Mse)( Mse Social Category:General ) Under Pma,137588.0,5,Chandra Shekhar Exports(Mse)( Mse Social Category:General ) Under Pma,L1,137588.0,ok
GEM/2026/B/7528899,"Cap Stand 40 x 28 inch,Sofa with Table,Cane stand,Box Wall Hanging,Dinning Chair",Ministry of DefenceDepartment of Military Affairs,8.0,1100704.0,,Chandra Shekhar Exports(Mse)( Mse Social Category:General ) Under Pma,137588.0,5,Zior Furniture India Private Limited (Mse)( Mse Social Category:General ) Under Pma,L3,183000.0,ok
GEM/2026/B/7557136,Plain Copier Paper (V3) ISI Marked to IS 14490,Ministry of DefenceDepartment of Military Affairs,300.0,29970000.0,,Vaibhav Constructions Under Pma,99900.0,14,A1 Print & Advertisement House Llp Under Pma,,,unranked_vendor
GEM/2026/B/7557136,Plain Copier Paper (V3) ISI Marked to IS 14490,Ministry of DefenceDepartment of Military Affairs,300.0,29970000.0,,Vaibhav Constructions Under Pma,99900.0,14,Falcon General Trading Under Pma,,,unranked_vendor
GEM/2026/B/7557136,Plain Copier Paper (V3) ISI Marked to IS 14490,Ministry of DefenceDepartment of Military Affairs,300.0,29970000.0,,Vaibhav Constructions Under Pma,99900.0,14,Kavya Enterprises Under Pma,L3,104400.0,ok
GEM/2026/B/7557136,Plain Copier Paper (V3) ISI Marked to IS 14490,Ministry of DefenceDepartment of Military Affairs,300.0,29970000.0,,Vaibhav Constructions Under Pma,99900.0,14,Krishna Fabricators Under Pma,,,unranked_vendor
GEM/2026/B/7557136,Plain Copier Paper (V3) ISI Marked to IS 14490,Ministry of DefenceDepartment of Military Affairs,300.0,29970000.0,,Vaibhav Constructions Under Pma,99900.0,14,M/S Maxcom Traders Under Pma,,,unranked_vendor
GEM/2026/B/7557136,Plain Copier Paper (V3) ISI Marked to IS 14490,Ministry of DefenceDepartment of Military Affairs,300.0,29970000.0,,Vaibhav Constructions Under Pma,99900.0,14,Radex Stationery India Private Limited Under Pma,,,unranked_vendor
GEM/2026/B/7557136,Plain Copier Paper (V3) ISI Marked to IS 14490,Ministry of DefenceDepartment of Military Affairs,300.0,29970000.0,,Vaibhav Constructions Under Pma,99900.0,14,Rinkal Traders Under Pma,,,unranked_vendor
GEM/2026/B/7557136,Plain Copier Paper (V3) ISI Marked to IS 14490,Ministry of DefenceDepartment of Military Affairs,300.0,29970000.0,,Vaibhav Constructions Under Pma,99900.0,14,S S Enterprises Under Pma,L2,102600.0,ok
GEM/2026/B/7557136,Plain Copier Paper (V3) ISI Marked to IS 14490,Ministry of DefenceDepartment of Military Affairs,300.0,29970000.0,,Vaibhav Constructions Under Pma,99900.0,14,Shivansh Enterprises Under Pma,,,unranked_vendor
GEM/2026/B/7557136,Plain Copier Paper (V3) ISI Marked to IS 14490,Ministry of DefenceDepartment of Military Affairs,300.0,29970000.0,,Vaibhav Constructions Under Pma,99900.0,14,Shree Sati Paper Private Limited Under Pma,,,unranked_vendor
GEM/2026/B/7557136,Plain Copier Paper (V3) ISI Marked to IS 14490,Ministry of DefenceDepartment of Military Affairs,300.0,29970000.0,,Vaibhav Constructions Under Pma,99900.0,14,Sky High Enterprises Under Pma,,,unranked_vendor
GEM/2026/B/7557136,Plain Copier Paper (V3) ISI Marked to IS 14490,Ministry of DefenceDepartment of Military Affairs,300.0,29970000.0,,Vaibhav Constructions Under Pma,99900.0,14,Sree Ashapura Papers Under Pma,,,unranked_vendor
GEM/2026/B/7557136,Plain Copier Paper (V3) ISI Marked to IS 14490,Ministry of DefenceDepartment of Military Affairs,300.0,29970000.0,,Vaibhav Constructions Under Pma,99900.0,14,Vaibhav Constructions Under Pma,L1,99900.0,ok
GEM/2026/B/7557136,Plain Copier Paper (V3) ISI Marked to IS 14490,Ministry of DefenceDepartment of Military Affairs,300.0,29970000.0,,Vaibhav Constructions Under Pma,99900.0,14,Wishbuyy Hub Under Pma,,,unranked_vendor
GEM/2026/B/7524364,DATA INPUT DEVICE FOR TRG PURPOSE,Ministry of DefenceDepartment of Military Affairs,1.0,98300.0,,Archit Enterprises Under Pma,98300.0,3,Archit Enterprises Under Pma,L1,98300.0,ok
GEM/2026/B/7524364,DATA INPUT DEVICE FOR TRG PURPOSE,Ministry of DefenceDepartment of Military Affairs,1.0,98300.0,,Archit Enterprises Under Pma,98300.0,3,Krishan Enterprises Under Pma,L2,112530.0,possible_dup
GEM/2026/B/7524364,DATA INPUT DEVICE FOR TRG PURPOSE,Ministry of DefenceDepartment of Military Affairs,1.0,98300.0,,Archit Enterprises Under Pma,98300.0,3,Shree Hari Traders Under Pma,L3,117160.0,ok
GEM/2026/B/7528309,"oil seal assy,relay starter solenoid,main bearing set,pole screw,rep kit hyd brake wheel cyl,filter",Ministry of DefenceDepartment of Military Affairs,37.0,1025899.0,,Barmer Motors(Mse)( Mse Social Category:General ) Under Pma,27727.0,6,Barmer Motors Under Pma,,,"unranked_vendor, repeat_winner"
GEM/2026/B/7528309,"oil seal assy,relay starter solenoid,main bearing set,pole screw,rep kit hyd brake wheel cyl,filter",Ministry of DefenceDepartment of Military Affairs,37.0,1025899.0,,Barmer Motors(Mse)( Mse Social Category:General ) Under Pma,27727.0,6,N R Motors Under Pma,,,"unranked_vendor, repeat_winner"
GEM/2026/B/7528309,"oil seal assy,relay starter solenoid,main bearing set,pole screw,rep kit hyd brake wheel cyl,filter",Ministry of DefenceDepartment of Military Affairs,37.0,1025899.0,,Barmer Motors(Mse)( Mse Social Category:General ) Under Pma,27727.0,6,Rahul Enterprises Under Pma,,,"unranked_vendor, repeat_winner"
GEM/2026/B/7528309,"oil seal assy,relay starter solenoid,main bearing set,pole screw,rep kit hyd brake wheel cyl,filter",Ministry of DefenceDepartment of Military Affairs,37.0,1025899.0,,Barmer Motors(Mse)( Mse Social Category:General ) Under Pma,27727.0,6,Barmer Motors(Mse)( Mse Social Category:General ) Under Pma,L1,27727.0,"ok, repeat_winner"
GEM/2026/B/7528309,"oil seal assy,relay starter solenoid,main bearing set,pole screw,rep kit hyd brake wheel cyl,filter",Ministry of DefenceDepartment of Military Affairs,37.0,1025899.0,,Barmer Motors(Mse)( Mse Social Category:General ) Under Pma,27727.0,6,Rahul Enterprises (Mse)( Mse Social Category:General ) Under Pma,L2,32144.0,"possible_dup, repeat_winner"
GEM/2026/B/7528309,"oil seal assy,relay starter solenoid,main bearing set,pole screw,rep kit hyd brake wheel cyl,filter",Ministry of DefenceDepartment of Military Affairs,37.0,1025899.0,,Barmer Motors(Mse)( Mse Social Category:General ) Under Pma,27727.0,6,N R Motors (Mse)( Mse Social Category:Obc ) Under Pma,L3,36185.0,"ok, repeat_winner"
GEM/2026/B/7528236,"clutch plate,pressure plate,clutch release bearing,wiper blade,gear knop,gear oil tin,brush carrier",Ministry of DefenceDepartment of Military Affairs,15.0,484785.0,,Barmer Motors(Mse)( Mse Social Category:General ) Under Pma,32319.0,6,Barmer Motors Under Pma,,,"unranked_vendor, repeat_winner"
GEM/2026/B/7528236,"clutch plate,pressure plate,clutch release bearing,wiper blade,gear knop,gear oil tin,brush carrier",Ministry of DefenceDepartment of Military Affairs,15.0,484785.0,,Barmer Motors(Mse)( Mse Social Category:General ) Under Pma,32319.0,6,N R Motors Under Pma,,,"unranked_vendor, repeat_winner"
GEM/2026/B/7528236,"clutch plate,pressure plate,clutch release bearing,wiper blade,gear knop,gear oil tin,brush carrier",Ministry of DefenceDepartment of Military Affairs,15.0,484785.0,,Barmer Motors(Mse)( Mse Social Category:General ) Under Pma,32319.0,6,Rahul Enterprises Under Pma,,,"unranked_vendor, repeat_winner"
GEM/2026/B/7528236,"clutch plate,pressure plate,clutch release bearing,wiper blade,gear knop,gear oil tin,brush carrier",Ministry of DefenceDepartment of Military Affairs,15.0,484785.0,,Barmer Motors(Mse)( Mse Social Category:General ) Under Pma,32319.0,6,Barmer Motors(Mse)( Mse Social Category:General ) Under Pma,L1,32319.0,"ok, repeat_winner"
GEM/2026/B/7528236,"clutch plate,pressure plate,clutch release bearing,wiper blade,gear knop,gear oil tin,brush carrier",Ministry of DefenceDepartment of Military Affairs,15.0,484785.0,,Barmer Motors(Mse)( Mse Social Category:General ) Under Pma,32319.0,6,Rahul Enterprises (Mse)( Mse Social Category:General ) Under Pma,L2,36969.0,"possible_dup, repeat_winner"
GEM/2026/B/7528236,"clutch plate,pressure plate,clutch release bearing,wiper blade,gear knop,gear oil tin,brush carrier",Ministry of DefenceDepartment of Military Affairs,15.0,484785.0,,Barmer Motors(Mse)( Mse Social Category:General ) Under Pma,32319.0,6,N R Motors (Mse)( Mse Social Category:Obc ) Under Pma,L3,40400.0,"ok, repeat_winner"
GEM/2026/B/7477632,Gwarty,Ministry of Home AffairsCentral Armed Police Forces,16200.0,3243758400.0,,Jai Jagdamba Supply Center Under Pma,200232.0,7,Blue Star Traders Under Pma,,,unranked_vendor
GEM/2026/B/7477632,Gwarty,Ministry of Home AffairsCentral Armed Police Forces,16200.0,3243758400.0,,Jai Jagdamba Supply Center Under Pma,200232.0,7,Harshitpragati Enterprises Under Pma,,,unranked_vendor
GEM/2026/B/7477632,Gwarty,Ministry of Home AffairsCentral Armed Police Forces,16200.0,3243758400.0,,Jai Jagdamba Supply Center Under Pma,200232.0,7,Jai Jagdamba Supply Center Under Pma,L1,200232.0,ok
GEM/2026/B/7477632,Gwarty,Ministry of Home AffairsCentral Armed Police Forces,16200.0,3243758400.0,,Jai Jagdamba Supply Center Under Pma,200232.0,7,Suresh Traders Under Pma,,,unranked_vendor
GEM/2026/B/7477632,Gwarty,Ministry of Home AffairsCentral Armed Police Forces,16200.0,3243758400.0,,Jai Jagdamba Supply Center Under Pma,200232.0,7,White Star Under Pma,,,unranked_vendor
GEM/2026/B/7477632,Gwarty,Ministry of Home AffairsCentral Armed Police Forces,16200.0,3243758400.0,,Jai Jagdamba Supply Center Under Pma,200232.0,7,Blue Star Traders (Mse) Under Pma,L2,200556.0,ok
GEM/2026/B/7477632,Gwarty,Ministry of Home AffairsCentral Armed Police Forces,16200.0,3243758400.0,,Jai Jagdamba Supply Center Under Pma,200232.0,7,White Star (Mse) Under Pma,L3,201690.0,ok
GEM/2026/B/7520453,MEAT DRESSED FROZEN,Ministry of DefenceDepartment of Military Affairs,845.0,422345787.5,,Sheetal Associates Under Pma,499817.5,3,Anmol Corporation Under Pma,L2,523900.0,"ok, repeat_winner"
GEM/2026/B/7520453,MEAT DRESSED FROZEN,Ministry of DefenceDepartment of Military Affairs,845.0,422345787.5,,Sheetal Associates Under Pma,499817.5,3,Radhe Agency Under Pma,L3,540800.0,"ok, repeat_winner"
GEM/2026/B/7520453,MEAT DRESSED FROZEN,Ministry of DefenceDepartment of Military Affairs,845.0,422345787.5,,Sheetal Associates Under Pma,499817.5,3,Sheetal Associates Under Pma,L1,499817.5,"ok, repeat_winner"
GEM/2026/B/7520960,SEAT REPAIR ARMY BUS,Ministry of DefenceDepartment of Military Affairs,25.0,1215625.0,,Choudhary Enterprises Under Pma,48625.0,3,Aradhya Enterprises Under Pma,L3,62500.0,ok
GEM/2026/B/7520960,SEAT REPAIR ARMY BUS,Ministry of DefenceDepartment of Military Affairs,25.0,1215625.0,,Choudhary Enterprises Under Pma,48625.0,3,Choudhary Enterprises Under Pma,L1,48625.0,ok
GEM/2026/B/7520960,SEAT REPAIR ARMY BUS,Ministry of DefenceDepartment of Military Affairs,25.0,1215625.0,,Choudhary Enterprises Under Pma,48625.0,3,Maa Gumano Traders Under Pma,L2,55000.0,ok
GEM/2026/B/7429789,"black biomedical waste collection bag size (24 inch x 18 inch) thickness 50 micron,bio medical wast",Ministry of DefenceDepartment of Military Affairs,2053.0,586544153.0,,Sameer Sales Under Pma,285701.0,4,Ramdas Greenplas Private Limited Under Pma,,,unranked_vendor
GEM/2026/B/7429789,"black biomedical waste collection bag size (24 inch x 18 inch) thickness 50 micron,bio medical wast",Ministry of DefenceDepartment of Military Affairs,2053.0,586544153.0,,Sameer Sales Under Pma,285701.0,4,Reticine Pharmaids Limited Under Pma,,,unranked_vendor
GEM/2026/B/7429789,"black biomedical waste collection bag size (24 inch x 18 inch) thickness 50 micron,bio medical wast",Ministry of DefenceDepartment of Military Affairs,2053.0,586544153.0,,Sameer Sales Under Pma,285701.0,4,Sameer Sales Under Pma,L1,285701.0,ok
GEM/2026/B/7429789,"black biomedical waste collection bag size (24 inch x 18 inch) thickness 50 micron,bio medical wast",Ministry of DefenceDepartment of Military Affairs,2053.0,586544153.0,,Sameer Sales Under Pma,285701.0,4,Ramdas Greenplas Private Limited (Mse) Under Pma,L2,286598.8,ok
GEM/2026/B/7403835,Hiring of Special Purpose Mining or Earth Moving Machines and Cranes (Shift Based) - As Per Buyer's,Ministry of DefenceDepartment of Military Affairs,1.0,49300.0,,G A Enterprises Under Pma,49300.0,4,Awa Enterprises Under Pma,L2,49600.0,ok
GEM/2026/B/7403835,Hiring of Special Purpose Mining or Earth Moving Machines and Cranes (Shift Based) - As Per Buyer's,Ministry of DefenceDepartment of Military Affairs,1.0,49300.0,,G A Enterprises Under Pma,49300.0,4,G A Enterprises Under Pma,L1,49300.0,ok
GEM/2026/B/7403835,Hiring of Special Purpose Mining or Earth Moving Machines and Cranes (Shift Based) - As Per Buyer's,Ministry of DefenceDepartment of Military Affairs,1.0,49300.0,,G A Enterprises Under Pma,49300.0,4,Mafhh Enterprises Under Pma,L3,49900.0,ok
GEM/2026/B/7403835,Hiring of Special Purpose Mining or Earth Moving Machines and Cranes (Shift Based) - As Per Buyer's,Ministry of DefenceDepartment of Military Affairs,1.0,49300.0,,G A Enterprises Under Pma,49300.0,4,Onyx Corporation Under Pma,,,unranked_vendor
GEM/2026/B/7525208,"RING GEAR,CLUTCH COVER ASY,CLUTCH RELEASE BEARING,O RING,CENTERING RING,FUEL FEED PUMP,CLUTCH MASTE",Ministry of DefenceDepartment of Military Affairs,19.0,968162.86,,Fair Deal Traders(Mse)( Mse Social Category:General ) Under Pma,50955.94,6,Fair Deal Traders Under Pma,,,unranked_vendor
GEM/2026/B/7525208,"RING GEAR,CLUTCH COVER ASY,CLUTCH RELEASE BEARING,O RING,CENTERING RING,FUEL FEED PUMP,CLUTCH MASTE",Ministry of DefenceDepartment of Military Affairs,19.0,968162.86,,Fair Deal Traders(Mse)( Mse Social Category:General ) Under Pma,50955.94,6,M/S Vintage Sales Corporation Under Pma,,,unranked_vendor
GEM/2026/B/7525208,"RING GEAR,CLUTCH COVER ASY,CLUTCH RELEASE BEARING,O RING,CENTERING RING,FUEL FEED PUMP,CLUTCH MASTE",Ministry of DefenceDepartment of Military Affairs,19.0,968162.86,,Fair Deal Traders(Mse)( Mse Social Category:General ) Under Pma,50955.94,6,Savlal Enterprises Under Pma,,,unranked_vendor
GEM/2026/B/7525208,"RING GEAR,CLUTCH COVER ASY,CLUTCH RELEASE BEARING,O RING,CENTERING RING,FUEL FEED PUMP,CLUTCH MASTE",Ministry of DefenceDepartment of Military Affairs,19.0,968162.86,,Fair Deal Traders(Mse)( Mse Social Category:General ) Under Pma,50955.94,6,Fair Deal Traders(Mse)( Mse Social Category:General ) Under Pma,L1,50955.94,possible_dup
GEM/2026/B/7525208,"RING GEAR,CLUTCH COVER ASY,CLUTCH RELEASE BEARING,O RING,CENTERING RING,FUEL FEED PUMP,CLUTCH MASTE",Ministry of DefenceDepartment of Military Affairs,19.0,968162.86,,Fair Deal Traders(Mse)( Mse Social Category:General ) Under Pma,50955.94,6,Savlal Enterprises (Mse)( Mse Social Category:General ) Under Pma,L2,52389.0,possible_dup
GEM/2026/B/7525208,"RING GEAR,CLUTCH COVER ASY,CLUTCH RELEASE BEARING,O RING,CENTERING RING,FUEL FEED PUMP,CLUTCH MASTE",Ministry of DefenceDepartment of Military Affairs,19.0,968162.86,,Fair Deal Traders(Mse)( Mse Social Category:General ) Under Pma,50955.94,6,M/S Vintage Sales Corporation (Mse)( Mse Social Category:General ) Under Pma,L3,53418.0,ok
GEM/2026/B/7527612,"Drawing Roll,Celling Rose,Top 15 Amp,Gyser Bolt,Screw,Caping Casing,MCB 10 Amp,Bulb 9 Watt,Angle Ho",Ministry of DefenceDepartment of Military Affairs,464.0,36360896.0,,Aman Trading Co.(Mse)( Mse Social Category:General ) Under Pma,78364.0,4,Aman Trading Co.(Mse)( Mse Social Category:General ) Under Pma,L1,78364.0,ok
GEM/2026/B/7527612,"Drawing Roll,Celling Rose,Top 15 Amp,Gyser Bolt,Screw,Caping Casing,MCB 10 Amp,Bulb 9 Watt,Angle Ho",Ministry of DefenceDepartment of Military Affairs,464.0,36360896.0,,Aman Trading Co.(Mse)( Mse Social Category:General ) Under Pma,78364.0,4,J.S Traders (Mse)( Mse Social Category:General ) Under Pma,L2,84028.0,possible_dup
GEM/2026/B/7527612,"Drawing Roll,Celling Rose,Top 15 Amp,Gyser Bolt,Screw,Caping Casing,MCB 10 Amp,Bulb 9 Watt,Angle Ho",Ministry of DefenceDepartment of Military Affairs,464.0,36360896.0,,Aman Trading Co.(Mse)( Mse Social Category:General ) Under Pma,78364.0,4,Deep Enterprises (Mse)( Mse Social Category:General ) Under Pma,L3,86717.0,ok
GEM/2026/B/7527612,"Drawing Roll,Celling Rose,Top 15 Amp,Gyser Bolt,Screw,Caping Casing,MCB 10 Amp,Bulb 9 Watt,Angle Ho",Ministry of DefenceDepartment of Military Affairs,464.0,36360896.0,,Aman Trading Co.(Mse)( Mse Social Category:General ) Under Pma,78364.0,4,Luckey Enterprises (Mse)( Mse Social Category:General ) Under Pma,L4,110325.0,possible_dup
GEM/2026/B/7501454,"Pneumatic Tyres for Commercial Vehicles - Diagonal and Radial Ply Marked to IS 15636,COVER OUTER 8.",Ministry of DefenceDepartment of Military Affairs,401.0,3844908300.0,,Gee Kay Traders Under Pma,9588300.0,6,Deepak Enterprises Under Pma,,,possible_dup
GEM/2026/B/7501454,"Pneumatic Tyres for Commercial Vehicles - Diagonal and Radial Ply Marked to IS 15636,COVER OUTER 8.",Ministry of DefenceDepartment of Military Affairs,401.0,3844908300.0,,Gee Kay Traders Under Pma,9588300.0,6,Gee Kay Traders Under Pma,L1,9588300.0,ok
GEM/2026/B/7501454,"Pneumatic Tyres for Commercial Vehicles - Diagonal and Radial Ply Marked to IS 15636,COVER OUTER 8.",Ministry of DefenceDepartment of Military Affairs,401.0,3844908300.0,,Gee Kay Traders Under Pma,9588300.0,6,Rocky Traders Under Pma,,,unranked_vendor
GEM/2026/B/7501454,"Pneumatic Tyres for Commercial Vehicles - Diagonal and Radial Ply Marked to IS 15636,COVER OUTER 8.",Ministry of DefenceDepartment of Military Affairs,401.0,3844908300.0,,Gee Kay Traders Under Pma,9588300.0,6,Sethi Enterprises Under Pma,,,unranked_vendor
GEM/2026/B/7501454,"Pneumatic Tyres for Commercial Vehicles - Diagonal and Radial Ply Marked to IS 15636,COVER OUTER 8.",Ministry of DefenceDepartment of Military Affairs,401.0,3844908300.0,,Gee Kay Traders Under Pma,9588300.0,6,Sethi Enterprises (Mii) Under Pma,L2,9854510.0,ok
GEM/2026/B/7501454,"Pneumatic Tyres for Commercial Vehicles - Diagonal and Radial Ply Marked to IS 15636,COVER OUTER 8.",Ministry of DefenceDepartment of Military Affairs,401.0,3844908300.0,,Gee Kay Traders Under Pma,9588300.0,6,Rocky Traders (Mii) Under Pma,L3,9865895.0,ok
GEM/2026/B/7502731,"Pneumatic Tyres for Commercial Vehicles - Diagonal and Radial Ply Marked to IS 15636,TYRE SIZE 18R",Ministry of DefenceDepartment of Military Affairs,369.0,3680594190.0,,M/S Raman Trading Corp.(Mii) Under Pma,9974510.0,6,M/S Jk Traders Under Pma,,,unranked_vendor
GEM/2026/B/7502731,"Pneumatic Tyres for Commercial Vehicles - Diagonal and Radial Ply Marked to IS 15636,TYRE SIZE 18R",Ministry of DefenceDepartment of Military Affairs,369.0,3680594190.0,,M/S Raman Trading Corp.(Mii) Under Pma,9974510.0,6,M/S Raman Trading Corp. Under Pma,,,unranked_vendor
GEM/2026/B/7502731,"Pneumatic Tyres for Commercial Vehicles - Diagonal and Radial Ply Marked to IS 15636,TYRE SIZE 18R",Ministry of DefenceDepartment of Military Affairs,369.0,3680594190.0,,M/S Raman Trading Corp.(Mii) Under Pma,9974510.0,6,Sanatan Capitals Under Pma,,,unranked_vendor
GEM/2026/B/7502731,"Pneumatic Tyres for Commercial Vehicles - Diagonal and Radial Ply Marked to IS 15636,TYRE SIZE 18R",Ministry of DefenceDepartment of Military Affairs,369.0,3680594190.0,,M/S Raman Trading Corp.(Mii) Under Pma,9974510.0,6,M/S Raman Trading Corp.(Mii) Under Pma,L1,9974510.0,ok
GEM/2026/B/7502731,"Pneumatic Tyres for Commercial Vehicles - Diagonal and Radial Ply Marked to IS 15636,TYRE SIZE 18R",Ministry of DefenceDepartment of Military Affairs,369.0,3680594190.0,,M/S Raman Trading Corp.(Mii) Under Pma,9974510.0,6,M/S Jk Traders (Mii) Under Pma,L2,10245950.0,ok
GEM/2026/B/7502731,"Pneumatic Tyres for Commercial Vehicles - Diagonal and Radial Ply Marked to IS 15636,TYRE SIZE 18R",Ministry of DefenceDepartment of Military Affairs,369.0,3680594190.0,,M/S Raman Trading Corp.(Mii) Under Pma,9974510.0,6,Sanatan Capitals (Mii) Under Pma,L3,10400996.0,ok
GEM/2026/B/7490679,"Offr and Air Crew Ration Cheese Spread,Offr and Air Crew Ration Cheese Slice,Offr and Air Crew Rati",Ministry of DefenceDepartment of Military Affairs,567.0,134182818.0,,Sanvi Infra Enterprises Under Pma,236654.0,9,Janki Enterprises Under Pma,,,unranked_vendor
GEM/2026/B/7490679,"Offr and Air Crew Ration Cheese Spread,Offr and Air Crew Ration Cheese Slice,Offr and Air Crew Rati",Ministry of DefenceDepartment of Military Affairs,567.0,134182818.0,,Sanvi Infra Enterprises Under Pma,236654.0,9,M/S Krishna Enterprises Under Pma,,,unranked_vendor
GEM/2026/B/7490679,"Offr and Air Crew Ration Cheese Spread,Offr and Air Crew Ration Cheese Slice,Offr and Air Crew Rati",Ministry of DefenceDepartment of Military Affairs,567.0,134182818.0,,Sanvi Infra Enterprises Under Pma,236654.0,9,Moy International Under Pma,,,unranked_vendor
GEM/2026/B/7490679,"Offr and Air Crew Ration Cheese Spread,Offr and Air Crew Ration Cheese Slice,Offr and Air Crew Rati",Ministry of DefenceDepartment of Military Affairs,567.0,134182818.0,,Sanvi Infra Enterprises Under Pma,236654.0,9,Novastar Energy Consultants Private Limited Under Pma,,,unranked_vendor
GEM/2026/B/7490679,"Offr and Air Crew Ration Cheese Spread,Offr and Air Crew Ration Cheese Slice,Offr and Air Crew Rati",Ministry of DefenceDepartment of Military Affairs,567.0,134182818.0,,Sanvi Infra Enterprises Under Pma,236654.0,9,Sanvi Infra Enterprises Under Pma,L1,236654.0,ok
GEM/2026/B/7490679,"Offr and Air Crew Ration Cheese Spread,Offr and Air Crew Ration Cheese Slice,Offr and Air Crew Rati",Ministry of DefenceDepartment of Military Affairs,567.0,134182818.0,,Sanvi Infra Enterprises Under Pma,236654.0,9,Shree Ji Enterprises Under Pma,,,possible_dup
GEM/2026/B/7490679,"Offr and Air Crew Ration Cheese Spread,Offr and Air Crew Ration Cheese Slice,Offr and Air Crew Rati",Ministry of DefenceDepartment of Military Affairs,567.0,134182818.0,,Sanvi Infra Enterprises Under Pma,236654.0,9,Shree Shyam Enterprises Under Pma,,,unranked_vendor
GEM/2026/B/7490679,"Offr and Air Crew Ration Cheese Spread,Offr and Air Crew Ration Cheese Slice,Offr and Air Crew Rati",Ministry of DefenceDepartment of Military Affairs,567.0,134182818.0,,Sanvi Infra Enterprises Under Pma,236654.0,9,Skynet International Under Pma,,,unranked_vendor
GEM/2026/B/7490679,"Offr and Air Crew Ration Cheese Spread,Offr and Air Crew Ration Cheese Slice,Offr and Air Crew Rati",Ministry of DefenceDepartment of Military Affairs,567.0,134182818.0,,Sanvi Infra Enterprises Under Pma,236654.0,9,"Shree Ji Enterprises (Mse,Mii) Under Pma",L2,236904.0,ok
GEM/2026/B/7479991,"HbA1C Kit Finecare,T3 Kit Finecare,T4 Kit Finecare,TSH Kit Finecare,Feritin Kit Finecare,Cortisol K",Ministry of DefenceDepartment of Military Affairs,74645.0,163321767100.0,,"Prime Associates(Mse,Mii) Under Pma",2187980.0,7,Alpha Associates Under Pma,,,unranked_vendor
GEM/2026/B/7479991,"HbA1C Kit Finecare,T3 Kit Finecare,T4 Kit Finecare,TSH Kit Finecare,Feritin Kit Finecare,Cortisol K",Ministry of DefenceDepartment of Military Affairs,74645.0,163321767100.0,,"Prime Associates(Mse,Mii) Under Pma",2187980.0,7,Hayyan Machinery Merchants Under Pma,,,unranked_vendor
GEM/2026/B/7479991,"HbA1C Kit Finecare,T3 Kit Finecare,T4 Kit Finecare,TSH Kit Finecare,Feritin Kit Finecare,Cortisol K",Ministry of DefenceDepartment of Military Affairs,74645.0,163321767100.0,,"Prime Associates(Mse,Mii) Under Pma",2187980.0,7,Prime Associates Under Pma,,,unranked_vendor
GEM/2026/B/7479991,"HbA1C Kit Finecare,T3 Kit Finecare,T4 Kit Finecare,TSH Kit Finecare,Feritin Kit Finecare,Cortisol K",Ministry of DefenceDepartment of Military Affairs,74645.0,163321767100.0,,"Prime Associates(Mse,Mii) Under Pma",2187980.0,7,R.I. Pharamaceuticals Under Pma,,,unranked_vendor
GEM/2026/B/7479991,"HbA1C Kit Finecare,T3 Kit Finecare,T4 Kit Finecare,TSH Kit Finecare,Feritin Kit Finecare,Cortisol K",Ministry of DefenceDepartment of Military Affairs,74645.0,163321767100.0,,"Prime Associates(Mse,Mii) Under Pma",2187980.0,7,"Prime Associates(Mse,Mii) Under Pma",L1,2187980.0,ok
GEM/2026/B/7479991,"HbA1C Kit Finecare,T3 Kit Finecare,T4 Kit Finecare,TSH Kit Finecare,Feritin Kit Finecare,Cortisol K",Ministry of DefenceDepartment of Military Affairs,74645.0,163321767100.0,,"Prime Associates(Mse,Mii) Under Pma",2187980.0,7,"Hayyan Machinery Merchants (Mse,Mii) Under Pma",L2,2190710.0,ok
GEM/2026/B/7479991,"HbA1C Kit Finecare,T3 Kit Finecare,T4 Kit Finecare,TSH Kit Finecare,Feritin Kit Finecare,Cortisol K",Ministry of DefenceDepartment of Military Affairs,74645.0,163321767100.0,,"Prime Associates(Mse,Mii) Under Pma",2187980.0,7,"R.I. Pharamaceuticals (Mse,Mii) Under Pma",L3,2278390.0,ok
GEM/2026/B/7510815,Tanker on Agricultural Trailer,Urban Development Department Uttar Pradesh,3.0,8700210.0,,Jay Construction And Supplier Under Pma,2900070.0,2,Jay Construction And Supplier Under Pma,L1,2900070.0,ok
GEM/2026/B/7510815,Tanker on Agricultural Trailer,Urban Development Department Uttar Pradesh,3.0,8700210.0,,Jay Construction And Supplier Under Pma,2900070.0,2,M/S Asian Enterprises Under Pma,L2,2903367.0,ok
GEM/2026/B/7527267,"SPARK PLUG M14W5DC,PISTON RING SET,GASKET CYL HEAD,CATRIDGE LUB OIL FILTER,SLAVE CYLINDER,PASSENGER",Ministry of DefenceDepartment of Military Affairs,17.0,271915.0,,Pooja Sales Corporation( Mse Social Category:General ) Under Pma,15995.0,6,Akshay Enterprises Under Pma,,,unranked_vendor
GEM/2026/B/7527267,"SPARK PLUG M14W5DC,PISTON RING SET,GASKET CYL HEAD,CATRIDGE LUB OIL FILTER,SLAVE CYLINDER,PASSENGER",Ministry of DefenceDepartment of Military Affairs,17.0,271915.0,,Pooja Sales Corporation( Mse Social Category:General ) Under Pma,15995.0,6,Pooja Sales Corporation Under Pma,,,unranked_vendor
GEM/2026/B/7527267,"SPARK PLUG M14W5DC,PISTON RING SET,GASKET CYL HEAD,CATRIDGE LUB OIL FILTER,SLAVE CYLINDER,PASSENGER",Ministry of DefenceDepartment of Military Affairs,17.0,271915.0,,Pooja Sales Corporation( Mse Social Category:General ) Under Pma,15995.0,6,Sanjeev Motors Under Pma,,,unranked_vendor
GEM/2026/B/7527267,"SPARK PLUG M14W5DC,PISTON RING SET,GASKET CYL HEAD,CATRIDGE LUB OIL FILTER,SLAVE CYLINDER,PASSENGER",Ministry of DefenceDepartment of Military Affairs,17.0,271915.0,,Pooja Sales Corporation( Mse Social Category:General ) Under Pma,15995.0,6,Pooja Sales Corporation( Mse Social Category:General ) Under Pma,L1,15995.0,ok
GEM/2026/B/7527267,"SPARK PLUG M14W5DC,PISTON RING SET,GASKET CYL HEAD,CATRIDGE LUB OIL FILTER,SLAVE CYLINDER,PASSENGER",Ministry of DefenceDepartment of Military Affairs,17.0,271915.0,,Pooja Sales Corporation( Mse Social Category:General ) Under Pma,15995.0,6,Sanjeev Motors( Mse Social Category:General ) Under Pma,L2,16805.0,ok
GEM/2026/B/7527267,"SPARK PLUG M14W5DC,PISTON RING SET,GASKET CYL HEAD,CATRIDGE LUB OIL FILTER,SLAVE CYLINDER,PASSENGER",Ministry of DefenceDepartment of Military Affairs,17.0,271915.0,,Pooja Sales Corporation( Mse Social Category:General ) Under Pma,15995.0,6,Akshay Enterprises( Mse Social Category:General ) Under Pma,L3,18526.0,ok
GEM/2026/B/7527240,"ACCELARATOR PEDAL,CARBURATOR ASSY,SPARK PLUG,UNIVERSAL JOINT CROSS,RAM ASSY,LOCK WASHER,BEARING,BRA",Ministry of DefenceDepartment of Military Affairs,80.0,11223600.0,,Ankit Associates(Mse)( Mse Social Category:General ) Under Pma,140295.0,8,Ankit Associates Under Pma,,,unranked_vendor
GEM/2026/B/7527240,"ACCELARATOR PEDAL,CARBURATOR ASSY,SPARK PLUG,UNIVERSAL JOINT CROSS,RAM ASSY,LOCK WASHER,BEARING,BRA",Ministry of DefenceDepartment of Military Affairs,80.0,11223600.0,,Ankit Associates(Mse)( Mse Social Category:General ) Under Pma,140295.0,8,Champion Motor Store Under Pma,,,unranked_vendor
GEM/2026/B/7527240,"ACCELARATOR PEDAL,CARBURATOR ASSY,SPARK PLUG,UNIVERSAL JOINT CROSS,RAM ASSY,LOCK WASHER,BEARING,BRA",Ministry of DefenceDepartment of Military Affairs,80.0,11223600.0,,Ankit Associates(Mse)( Mse Social Category:General ) Under Pma,140295.0,8,Ds Enterprises Under Pma,,,unranked_vendor
GEM/2026/B/7527240,"ACCELARATOR PEDAL,CARBURATOR ASSY,SPARK PLUG,UNIVERSAL JOINT CROSS,RAM ASSY,LOCK WASHER,BEARING,BRA",Ministry of DefenceDepartment of Military Affairs,80.0,11223600.0,,Ankit Associates(Mse)( Mse Social Category:General ) Under Pma,140295.0,8,M/S Vardhman Traders Under Pma,,,unranked_vendor
GEM/2026/B/7527240,"ACCELARATOR PEDAL,CARBURATOR ASSY,SPARK PLUG,UNIVERSAL JOINT CROSS,RAM ASSY,LOCK WASHER,BEARING,BRA",Ministry of DefenceDepartment of Military Affairs,80.0,11223600.0,,Ankit Associates(Mse)( Mse Social Category:General ) Under Pma,140295.0,8,Ankit Associates(Mse)( Mse Social Category:General ) Under Pma,L1,140295.0,ok
GEM/2026/B/7527240,"ACCELARATOR PEDAL,CARBURATOR ASSY,SPARK PLUG,UNIVERSAL JOINT CROSS,RAM ASSY,LOCK WASHER,BEARING,BRA",Ministry of DefenceDepartment of Military Affairs,80.0,11223600.0,,Ankit Associates(Mse)( Mse Social Category:General ) Under Pma,140295.0,8,Ds Enterprises (Mse)( Mse Social Category:General ) Under Pma,L2,143756.0,possible_dup
GEM/2026/B/7527240,"ACCELARATOR PEDAL,CARBURATOR ASSY,SPARK PLUG,UNIVERSAL JOINT CROSS,RAM ASSY,LOCK WASHER,BEARING,BRA",Ministry of DefenceDepartment of Military Affairs,80.0,11223600.0,,Ankit Associates(Mse)( Mse Social Category:General ) Under Pma,140295.0,8,Champion Motor Store (Mse)( Mse Social Category:General ) Under Pma,L3,148660.0,ok
GEM/2026/B/7527240,"ACCELARATOR PEDAL,CARBURATOR ASSY,SPARK PLUG,UNIVERSAL JOINT CROSS,RAM ASSY,LOCK WASHER,BEARING,BRA",Ministry of DefenceDepartment of Military Affairs,80.0,11223600.0,,Ankit Associates(Mse)( Mse Social Category:General ) Under Pma,140295.0,8,M/S Vardhman Traders (Mse)( Mse Social Category:General ) Under Pma,L4,148808.0,possible_dup
GEM/2026/B/7527239,"ASSY HEAD LAMP WITH HALOGEN BULB LH,ASSY HEAD LAMP WITH HALOGEN BULB RH,DIPSTIC,SPEEDO CABLE 3-2 DI",Ministry of DefenceDepartment of Military Affairs,16.0,196484.16,,Hindustan Trading Corporation(Mse)( Mse Social Category:General ) Under Pma,12280.26,5,Gayatri Enterprises Under Pma,L3,20970.0,ok
GEM/2026/B/7527239,"ASSY HEAD LAMP WITH HALOGEN BULB LH,ASSY HEAD LAMP WITH HALOGEN BULB RH,DIPSTIC,SPEEDO CABLE 3-2 DI",Ministry of DefenceDepartment of Military Affairs,16.0,196484.16,,Hindustan Trading Corporation(Mse)( Mse Social Category:General ) Under Pma,12280.26,5,Hindustan Trading Corporation Under Pma,,,unranked_vendor
GEM/2026/B/7527239,"ASSY HEAD LAMP WITH HALOGEN BULB LH,ASSY HEAD LAMP WITH HALOGEN BULB RH,DIPSTIC,SPEEDO CABLE 3-2 DI",Ministry of DefenceDepartment of Military Affairs,16.0,196484.16,,Hindustan Trading Corporation(Mse)( Mse Social Category:General ) Under Pma,12280.26,5,Prateek Motors Under Pma,,,unranked_vendor
GEM/2026/B/7527239,"ASSY HEAD LAMP WITH HALOGEN BULB LH,ASSY HEAD LAMP WITH HALOGEN BULB RH,DIPSTIC,SPEEDO CABLE 3-2 DI",Ministry of DefenceDepartment of Military Affairs,16.0,196484.16,,Hindustan Trading Corporation(Mse)( Mse Social Category:General ) Under Pma,12280.26,5,Hindustan Trading Corporation(Mse)( Mse Social Category:General ) Under Pma,L1,12280.26,ok
GEM/2026/B/7527239,"ASSY HEAD LAMP WITH HALOGEN BULB LH,ASSY HEAD LAMP WITH HALOGEN BULB RH,DIPSTIC,SPEEDO CABLE 3-2 DI",Ministry of DefenceDepartment of Military Affairs,16.0,196484.16,,Hindustan Trading Corporation(Mse)( Mse Social Category:General ) Under Pma,12280.26,5,Prateek Motors (Mse)( Mse Social Category:General ) Under Pma,L2,16970.0,ok
GEM/2026/B/7527219,"Field coil assy,Kit universal joint,AC compressor,Brush carrier assy,Break shoe lining,Front wind s",Ministry of DefenceDepartment of Military Affairs,11.0,966295.0,,Rishab Enterprises(Mse)( Mse Social Category:General ) Under Pma,87845.0,6,R.R Mohinder Pal Under Pma,,,"unranked_vendor, repeat_winner"
GEM/2026/B/7527219,"Field coil assy,Kit universal joint,AC compressor,Brush carrier assy,Break shoe lining,Front wind s",Ministry of DefenceDepartment of Military Affairs,11.0,966295.0,,Rishab Enterprises(Mse)( Mse Social Category:General ) Under Pma,87845.0,6,Rishab Enterprises Under Pma,,,"unranked_vendor, repeat_winner"
GEM/2026/B/7527219,"Field coil assy,Kit universal joint,AC compressor,Brush carrier assy,Break shoe lining,Front wind s",Ministry of DefenceDepartment of Military Affairs,11.0,966295.0,,Rishab Enterprises(Mse)( Mse Social Category:General ) Under Pma,87845.0,6,Shiv Gauri Enterprises Under Pma,,,"unranked_vendor, repeat_winner"
GEM/2026/B/7527219,"Field coil assy,Kit universal joint,AC compressor,Brush carrier assy,Break shoe lining,Front wind s",Ministry of DefenceDepartment of Military Affairs,11.0,966295.0,,Rishab Enterprises(Mse)( Mse Social Category:General ) Under Pma,87845.0,6,Rishab Enterprises(Mse)( Mse Social Category:General ) Under Pma,L1,87845.0,"possible_dup, repeat_winner"
GEM/2026/B/7527219,"Field coil assy,Kit universal joint,AC compressor,Brush carrier assy,Break shoe lining,Front wind s",Ministry of DefenceDepartment of Military Affairs,11.0,966295.0,,Rishab Enterprises(Mse)( Mse Social Category:General ) Under Pma,87845.0,6,R.R Mohinder Pal (Mse)( Mse Social Category:General ) Under Pma,L2,92100.0,"ok, repeat_winner"
GEM/2026/B/7527219,"Field coil assy,Kit universal joint,AC compressor,Brush carrier assy,Break shoe lining,Front wind s",Ministry of DefenceDepartment of Military Affairs,11.0,966295.0,,Rishab Enterprises(Mse)( Mse Social Category:General ) Under Pma,87845.0,6,Shiv Gauri Enterprises (Mse)( Mse Social Category:General ) Under Pma,L3,101300.0,"possible_dup, repeat_winner"
GEM/2026/B/7527198,"IGNITION CIOIL,BRAKE SHOE ASSY,CARBURETOR BS-29,SHOCK ABSORBER,PISTON CW RINGS GUDGAON PIN AND CIRC",Ministry of DefenceDepartment of Military Affairs,23.0,2317620.3000000003,,Ria Enterprises(Mse)( Mse Social Category:General ) Under Pma,100766.1,6,Abhishek Traders Under Pma,,,unranked_vendor
GEM/2026/B/7527198,"IGNITION CIOIL,BRAKE SHOE ASSY,CARBURETOR BS-29,SHOCK ABSORBER,PISTON CW RINGS GUDGAON PIN AND CIRC",Ministry of DefenceDepartment of Military Affairs,23.0,2317620.3000000003,,Ria Enterprises(Mse)( Mse Social Category:General ) Under Pma,100766.1,6,Pahuja Enterprises Under Pma,,,unranked_vendor
GEM/2026/B/7527198,"IGNITION CIOIL,BRAKE SHOE ASSY,CARBURETOR BS-29,SHOCK ABSORBER,PISTON CW RINGS GUDGAON PIN AND CIRC",Ministry of DefenceDepartment of Military Affairs,23.0,2317620.3000000003,,Ria Enterprises(Mse)( Mse Social Category:General ) Under Pma,100766.1,6,Ria Enterprises Under Pma,,,possible_dup
GEM/2026/B/7527198,"IGNITION CIOIL,BRAKE SHOE ASSY,CARBURETOR BS-29,SHOCK ABSORBER,PISTON CW RINGS GUDGAON PIN AND CIRC",Ministry of DefenceDepartment of Military Affairs,23.0,2317620.3000000003,,Ria Enterprises(Mse)( Mse Social Category:General ) Under Pma,100766.1,6,Ria Enterprises(Mse)( Mse Social Category:General ) Under Pma,L1,100766.1,possible_dup
GEM/2026/B/7527198,"IGNITION CIOIL,BRAKE SHOE ASSY,CARBURETOR BS-29,SHOCK ABSORBER,PISTON CW RINGS GUDGAON PIN AND CIRC",Ministry of DefenceDepartment of Military Affairs,23.0,2317620.3000000003,,Ria Enterprises(Mse)( Mse Social Category:General ) Under Pma,100766.1,6,Abhishek Traders (Mse)( Mse Social Category:General ) Under Pma,L2,111003.5,ok
GEM/2026/B/7527198,"IGNITION CIOIL,BRAKE SHOE ASSY,CARBURETOR BS-29,SHOCK ABSORBER,PISTON CW RINGS GUDGAON PIN AND CIRC",Ministry of DefenceDepartment of Military Affairs,23.0,2317620.3000000003,,Ria Enterprises(Mse)( Mse Social Category:General ) Under Pma,100766.1,6,Pahuja Enterprises (Mse)( Mse Social Category:General ) Under Pma,L3,138200.0,possible_dup
GEM/2026/B/7527190,"Leather cloth green,Sheet cellular,Plywood MR,Electric welding rod,Angle iron,Steel mild bright,Sea",Ministry of DefenceDepartment of Military Affairs,68.0,1451596.0,,Rishab Enterprises(Mse)( Mse Social Category:General ) Under Pma,21347.0,6,R.R Mohinder Pal Under Pma,,,"unranked_vendor, repeat_winner"
GEM/2026/B/7527190,"Leather cloth green,Sheet cellular,Plywood MR,Electric welding rod,Angle iron,Steel mild bright,Sea",Ministry of DefenceDepartment of Military Affairs,68.0,1451596.0,,Rishab Enterprises(Mse)( Mse Social Category:General ) Under Pma,21347.0,6,Rishab Enterprises Under Pma,,,"unranked_vendor, repeat_winner"
GEM/2026/B/7527190,"Leather cloth green,Sheet cellular,Plywood MR,Electric welding rod,Angle iron,Steel mild bright,Sea",Ministry of DefenceDepartment of Military Affairs,68.0,1451596.0,,Rishab Enterprises(Mse)( Mse Social Category:General ) Under Pma,21347.0,6,Shiv Gauri Enterprises Under Pma,,,"unranked_vendor, repeat_winner"
GEM/2026/B/7527190,"Leather cloth green,Sheet cellular,Plywood MR,Electric welding rod,Angle iron,Steel mild bright,Sea",Ministry of DefenceDepartment of Military Affairs,68.0,1451596.0,,Rishab Enterprises(Mse)( Mse Social Category:General ) Under Pma,21347.0,6,Rishab Enterprises(Mse)( Mse Social Category:General ) Under Pma,L1,21347.0,"possible_dup, repeat_winner"
GEM/2026/B/7527190,"Leather cloth green,Sheet cellular,Plywood MR,Electric welding rod,Angle iron,Steel mild bright,Sea",Ministry of DefenceDepartment of Military Affairs,68.0,1451596.0,,Rishab Enterprises(Mse)( Mse Social Category:General ) Under Pma,21347.0,6,R.R Mohinder Pal (Mse)( Mse Social Category:General ) Under Pma,L2,24600.0,"ok, repeat_winner"
GEM/2026/B/7527190,"Leather cloth green,Sheet cellular,Plywood MR,Electric welding rod,Angle iron,Steel mild bright,Sea",Ministry of DefenceDepartment of Military Affairs,68.0,1451596.0,,Rishab Enterprises(Mse)( Mse Social Category:General ) Under Pma,21347.0,6,Shiv Gauri Enterprises (Mse)( Mse Social Category:General ) Under Pma,L3,41400.0,"possible_dup, repeat_winner"
GEM/2026/B/7489038,"Galvanized pole 9 meter,XLPE Cable for Working Voltage up to and Including 1.1 KV Marked To IS 7098",Urban Development and Environment Department,3060.0,6117552000.0,,Vinayak Under Pma,1999200.0,3,Devnarayan Enterprises Under Pma,,,unranked_vendor
GEM/2026/B/7489038,"Galvanized pole 9 meter,XLPE Cable for Working Voltage up to and Including 1.1 KV Marked To IS 7098",Urban Development and Environment Department,3060.0,6117552000.0,,Vinayak Under Pma,1999200.0,3,Vinayak Under Pma,L1,1999200.0,ok
GEM/2026/B/7489038,"Galvanized pole 9 meter,XLPE Cable for Working Voltage up to and Including 1.1 KV Marked To IS 7098",Urban Development and Environment Department,3060.0,6117552000.0,,Vinayak Under Pma,1999200.0,3,Devnarayan Enterprises( Mse Social Category:Obc ) Under Pma,L2,2163000.0,ok
GEM/2026/B/7515535,Straw / Bhusa,Rural Development Department Uttar Pradesh,36452.0,1292872099792.0,,Clear Secured Ventures Private Limited Under Pma,35467796.0,3,Clear Secured Ventures Private Limited Under Pma,L1,35467796.0,ok
GEM/2026/B/7515535,Straw / Bhusa,Rural Development Department Uttar Pradesh,36452.0,1292872099792.0,,Clear Secured Ventures Private Limited Under Pma,35467796.0,3,S R Associate Under Pma,L3,51871196.0,ok
GEM/2026/B/7515535,Straw / Bhusa,Rural Development Department Uttar Pradesh,36452.0,1292872099792.0,,Clear Secured Ventures Private Limited Under Pma,35467796.0,3,Shri Info System & Co. Under Pma,L2,49939240.0,ok
GEM/2026/B/7499451,Meat Dressed Frozen,Ministry of DefenceDepartment of Military Affairs,850.0,424830000.0,,Sheetal Associates Under Pma,499800.0,5,Anmol Corporation Under Pma,,,"unranked_vendor, repeat_winner"
GEM/2026/B/7499451,Meat Dressed Frozen,Ministry of DefenceDepartment of Military Affairs,850.0,424830000.0,,Sheetal Associates Under Pma,499800.0,5,Radhe Agency Under Pma,,,"unranked_vendor, repeat_winner"
GEM/2026/B/7499451,Meat Dressed Frozen,Ministry of DefenceDepartment of Military Affairs,850.0,424830000.0,,Sheetal Associates Under Pma,499800.0,5,Sheetal Associates Under Pma,L1,499800.0,"ok, repeat_winner"
GEM/2026/B/7499451,Meat Dressed Frozen,Ministry of DefenceDepartment of Military Affairs,850.0,424830000.0,,Sheetal Associates Under Pma,499800.0,5,Anmol Corporation (Mii) Under Pma,L2,514250.0,"ok, repeat_winner"
GEM/2026/B/7499451,Meat Dressed Frozen,Ministry of DefenceDepartment of Military Affairs,850.0,424830000.0,,Sheetal Associates Under Pma,499800.0,5,Radhe Agency (Mii) Under Pma,L3,544000.0,"ok, repeat_winner"
GEM/2026/B/7493349,"6530-000017,1005-007814,9520-000001,7930-000015,8305-000049,KND NIV TMAT 121,8340-001140,6810-00000",Ministry of DefenceDepartment of Military Affairs,3068.0,14741795224.0,,"Advik Work Solutions(Mse,Mii) Under Pma",4805018.0,8,Advik Work Solutions Under Pma,,,unranked_vendor
GEM/2026/B/7493349,"6530-000017,1005-007814,9520-000001,7930-000015,8305-000049,KND NIV TMAT 121,8340-001140,6810-00000",Ministry of DefenceDepartment of Military Affairs,3068.0,14741795224.0,,"Advik Work Solutions(Mse,Mii) Under Pma",4805018.0,8,Om Enterprises Under Pma,,,unranked_vendor
GEM/2026/B/7493349,"6530-000017,1005-007814,9520-000001,7930-000015,8305-000049,KND NIV TMAT 121,8340-001140,6810-00000",Ministry of DefenceDepartment of Military Affairs,3068.0,14741795224.0,,"Advik Work Solutions(Mse,Mii) Under Pma",4805018.0,8,Samed Plastics Under Pma,,,unranked_vendor
GEM/2026/B/7493349,"6530-000017,1005-007814,9520-000001,7930-000015,8305-000049,KND NIV TMAT 121,8340-001140,6810-00000",Ministry of DefenceDepartment of Military Affairs,3068.0,14741795224.0,,"Advik Work Solutions(Mse,Mii) Under Pma",4805018.0,8,Shree Ganesh Enterprises Under Pma,,,unranked_vendor
GEM/2026/B/7493349,"6530-000017,1005-007814,9520-000001,7930-000015,8305-000049,KND NIV TMAT 121,8340-001140,6810-00000",Ministry of DefenceDepartment of Military Affairs,3068.0,14741795224.0,,"Advik Work Solutions(Mse,Mii) Under Pma",4805018.0,8,Summit Enterprises Under Pma,,,unranked_vendor
GEM/2026/B/7493349,"6530-000017,1005-007814,9520-000001,7930-000015,8305-000049,KND NIV TMAT 121,8340-001140,6810-00000",Ministry of DefenceDepartment of Military Affairs,3068.0,14741795224.0,,"Advik Work Solutions(Mse,Mii) Under Pma",4805018.0,8,"Advik Work Solutions(Mse,Mii) Under Pma",L1,4805018.0,ok
GEM/2026/B/7493349,"6530-000017,1005-007814,9520-000001,7930-000015,8305-000049,KND NIV TMAT 121,8340-001140,6810-00000",Ministry of DefenceDepartment of Military Affairs,3068.0,14741795224.0,,"Advik Work Solutions(Mse,Mii) Under Pma",4805018.0,8,"Samed Plastics (Mse,Mii) Under Pma",L2,4846365.0,ok
GEM/2026/B/7493349,"6530-000017,1005-007814,9520-000001,7930-000015,8305-000049,KND NIV TMAT 121,8340-001140,6810-00000",Ministry of DefenceDepartment of Military Affairs,3068.0,14741795224.0,,"Advik Work Solutions(Mse,Mii) Under Pma",4805018.0,8,"Summit Enterprises (Mse,Mii) Under Pma",L3,4862824.0,ok
GEM/2026/B/7465205,High Mast Lighting Tower for large area with LED Flood Lighting System,Urban Local Bodies,1.0,826000.0,,M/S Ashoka Multiclean Under Pma,826000.0,3,A.R.Engineers Under Pma,L3,832000.0,ok
GEM/2026/B/7465205,High Mast Lighting Tower for large area with LED Flood Lighting System,Urban Local Bodies,1.0,826000.0,,M/S Ashoka Multiclean Under Pma,826000.0,3,M/S Ashoka Multiclean Under Pma,L1,826000.0,ok
GEM/2026/B/7465205,High Mast Lighting Tower for large area with LED Flood Lighting System,Urban Local Bodies,1.0,826000.0,,M/S Ashoka Multiclean Under Pma,826000.0,3,Universal Industries Under Pma,L2,828000.0,ok
GEM/2026/B/7527128,"LEATHER CLOTH BLACK,PLY WOOD FOR GEN PURPOSE,STEEL ANGLES,CROSS ASSY,PASSENGER DRIVER FAN",Ministry of DefenceDepartment of Military Affairs,231.0,17455977.0,,Shri Ganesh Enterprises(Mse)( Mse Social Category:General ) Under Pma,75567.0,6,Deep Enterprises Under Pma,,,unranked_vendor
GEM/2026/B/7527128,"LEATHER CLOTH BLACK,PLY WOOD FOR GEN PURPOSE,STEEL ANGLES,CROSS ASSY,PASSENGER DRIVER FAN",Ministry of DefenceDepartment of Military Affairs,231.0,17455977.0,,Shri Ganesh Enterprises(Mse)( Mse Social Category:General ) Under Pma,75567.0,6,National Enterprises Under Pma,,,unranked_vendor
GEM/2026/B/7527128,"LEATHER CLOTH BLACK,PLY WOOD FOR GEN PURPOSE,STEEL ANGLES,CROSS ASSY,PASSENGER DRIVER FAN",Ministry of DefenceDepartment of Military Affairs,231.0,17455977.0,,Shri Ganesh Enterprises(Mse)( Mse Social Category:General ) Under Pma,75567.0,6,Shri Ganesh Enterprises Under Pma,,,possible_dup
GEM/2026/B/7527128,"LEATHER CLOTH BLACK,PLY WOOD FOR GEN PURPOSE,STEEL ANGLES,CROSS ASSY,PASSENGER DRIVER FAN",Ministry of DefenceDepartment of Military Affairs,231.0,17455977.0,,Shri Ganesh Enterprises(Mse)( Mse Social Category:General ) Under Pma,75567.0,6,Shri Ganesh Enterprises(Mse)( Mse Social Category:General ) Under Pma,L1,75567.0,possible_dup
GEM/2026/B/7527128,"LEATHER CLOTH BLACK,PLY WOOD FOR GEN PURPOSE,STEEL ANGLES,CROSS ASSY,PASSENGER DRIVER FAN",Ministry of DefenceDepartment of Military Affairs,231.0,17455977.0,,Shri Ganesh Enterprises(Mse)( Mse Social Category:General ) Under Pma,75567.0,6,National Enterprises (Mse)( Mse Social Category:General ) Under Pma,L2,92005.0,possible_dup
GEM/2026/B/7527128,"LEATHER CLOTH BLACK,PLY WOOD FOR GEN PURPOSE,STEEL ANGLES,CROSS ASSY,PASSENGER DRIVER FAN",Ministry of DefenceDepartment of Military Affairs,231.0,17455977.0,,Shri Ganesh Enterprises(Mse)( Mse Social Category:General ) Under Pma,75567.0,6,Deep Enterprises (Mse)( Mse Social Category:General ) Under Pma,L3,117140.0,ok
GEM/2026/B/7527038,"SHEET CELLULAR 37 MM,PLY WOOD FOR GENERAL PURPOSE,FEVICOL SR 998,STEEL ANGLES,ELECT RODES WELDING G",Ministry of DefenceDepartment of Military Affairs,96.0,5009280.0,,Prem Motor Store(Mse)( Mse Social Category:General ) Under Pma,52180.0,6,Amba Traders Under Pma,,,unranked_vendor
GEM/2026/B/7527038,"SHEET CELLULAR 37 MM,PLY WOOD FOR GENERAL PURPOSE,FEVICOL SR 998,STEEL ANGLES,ELECT RODES WELDING G",Ministry of DefenceDepartment of Military Affairs,96.0,5009280.0,,Prem Motor Store(Mse)( Mse Social Category:General ) Under Pma,52180.0,6,Kissan Enterprises Under Pma,,,unranked_vendor
GEM/2026/B/7527038,"SHEET CELLULAR 37 MM,PLY WOOD FOR GENERAL PURPOSE,FEVICOL SR 998,STEEL ANGLES,ELECT RODES WELDING G",Ministry of DefenceDepartment of Military Affairs,96.0,5009280.0,,Prem Motor Store(Mse)( Mse Social Category:General ) Under Pma,52180.0,6,Prem Motor Store Under Pma,,,unranked_vendor
GEM/2026/B/7527038,"SHEET CELLULAR 37 MM,PLY WOOD FOR GENERAL PURPOSE,FEVICOL SR 998,STEEL ANGLES,ELECT RODES WELDING G",Ministry of DefenceDepartment of Military Affairs,96.0,5009280.0,,Prem Motor Store(Mse)( Mse Social Category:General ) Under Pma,52180.0,6,Prem Motor Store(Mse)( Mse Social Category:General ) Under Pma,L1,52180.0,ok
GEM/2026/B/7527038,"SHEET CELLULAR 37 MM,PLY WOOD FOR GENERAL PURPOSE,FEVICOL SR 998,STEEL ANGLES,ELECT RODES WELDING G",Ministry of DefenceDepartment of Military Affairs,96.0,5009280.0,,Prem Motor Store(Mse)( Mse Social Category:General ) Under Pma,52180.0,6,Amba Traders (Mse)( Mse Social Category:General ) Under Pma,L2,61850.0,possible_dup
GEM/2026/B/7527038,"SHEET CELLULAR 37 MM,PLY WOOD FOR GENERAL PURPOSE,FEVICOL SR 998,STEEL ANGLES,ELECT RODES WELDING G",Ministry of DefenceDepartment of Military Affairs,96.0,5009280.0,,Prem Motor Store(Mse)( Mse Social Category:General ) Under Pma,52180.0,6,Kissan Enterprises (Mse)( Mse Social Category:General ) Under Pma,L3,80600.0,possible_dup
GEM/2026/B/7526971,"Monthly Basis Cab & Taxi Hiring Services - Premium Sedan; 2500 km x 320 hours; Local,Monthly Basis",Ministry of Petroleum and Natural GasBharat Petroleum Corporation Ltd,2.0,3840000.0,,Rajaratha Tours And Travels( Mse Social Category:General ) Under Pma,1920000.0,5,Rajaratha Tours And Travels( Mse Social Category:General ) Under Pma,L1,1920000.0,ok
GEM/2026/B/7526971,"Monthly Basis Cab & Taxi Hiring Services - Premium Sedan; 2500 km x 320 hours; Local,Monthly Basis",Ministry of Petroleum and Natural GasBharat Petroleum Corporation Ltd,2.0,3840000.0,,Rajaratha Tours And Travels( Mse Social Category:General ) Under Pma,1920000.0,5,Blustars Travels Llp( Mse Social Category:General ) Under Pma,L2,1970160.0,ok
GEM/2026/B/7526971,"Monthly Basis Cab & Taxi Hiring Services - Premium Sedan; 2500 km x 320 hours; Local,Monthly Basis",Ministry of Petroleum and Natural GasBharat Petroleum Corporation Ltd,2.0,3840000.0,,Rajaratha Tours And Travels( Mse Social Category:General ) Under Pma,1920000.0,5,Sri Durgamba Tours And Travells Under Pma,L3,2096640.0,ok
GEM/2026/B/7526971,"Monthly Basis Cab & Taxi Hiring Services - Premium Sedan; 2500 km x 320 hours; Local,Monthly Basis",Ministry of Petroleum and Natural GasBharat Petroleum Corporation Ltd,2.0,3840000.0,,Rajaratha Tours And Travels( Mse Social Category:General ) Under Pma,1920000.0,5,Mother Logistics( Mse Social Category:General ) Under Pma,L4,2206392.0,ok
GEM/2026/B/7526971,"Monthly Basis Cab & Taxi Hiring Services - Premium Sedan; 2500 km x 320 hours; Local,Monthly Basis",Ministry of Petroleum and Natural GasBharat Petroleum Corporation Ltd,2.0,3840000.0,,Rajaratha Tours And Travels( Mse Social Category:General ) Under Pma,1920000.0,5,Amaresh Bhovi Groups( Mse Social Category:Sc ) Under Pma,L5,2358000.0,ok
GEM/2026/B/7526855,Solar Photovoltaic Water Pumping Systems (V2) as per MNRE Specification,Rural Development Department,1.0,225000.0,,Shree Enterprises( Mse Social Category:Obc ) Under Pma,225000.0,10,Bhavani Enterprises Under Pma,,,unranked_vendor
GEM/2026/B/7526855,Solar Photovoltaic Water Pumping Systems (V2) as per MNRE Specification,Rural Development Department,1.0,225000.0,,Shree Enterprises( Mse Social Category:Obc ) Under Pma,225000.0,10,Devansh Enterprises Under Pma,,,unranked_vendor
GEM/2026/B/7526855,Solar Photovoltaic Water Pumping Systems (V2) as per MNRE Specification,Rural Development Department,1.0,225000.0,,Shree Enterprises( Mse Social Category:Obc ) Under Pma,225000.0,10,Parag Enterprises Under Pma,,,unranked_vendor
GEM/2026/B/7526855,Solar Photovoltaic Water Pumping Systems (V2) as per MNRE Specification,Rural Development Department,1.0,225000.0,,Shree Enterprises( Mse Social Category:Obc ) Under Pma,225000.0,10,Shree Bhavani Enterprises Under Pma,,,unranked_vendor
GEM/2026/B/7526855,Solar Photovoltaic Water Pumping Systems (V2) as per MNRE Specification,Rural Development Department,1.0,225000.0,,Shree Enterprises( Mse Social Category:Obc ) Under Pma,225000.0,10,Shree Enterprises Under Pma,,,unranked_vendor
GEM/2026/B/7526855,Solar Photovoltaic Water Pumping Systems (V2) as per MNRE Specification,Rural Development Department,1.0,225000.0,,Shree Enterprises( Mse Social Category:Obc ) Under Pma,225000.0,10,Shree Enterprises( Mse Social Category:Obc ) Under Pma,L1,225000.0,possible_dup
GEM/2026/B/7526855,Solar Photovoltaic Water Pumping Systems (V2) as per MNRE Specification,Rural Development Department,1.0,225000.0,,Shree Enterprises( Mse Social Category:Obc ) Under Pma,225000.0,10,Bhavani Enterprises( Mse Social Category:General ) Under Pma,L2,349999.0,possible_dup
GEM/2026/B/7526855,Solar Photovoltaic Water Pumping Systems (V2) as per MNRE Specification,Rural Development Department,1.0,225000.0,,Shree Enterprises( Mse Social Category:Obc ) Under Pma,225000.0,10,Parag Enterprises( Mse Social Category:Obc ) Under Pma,L3,350000.0,possible_dup
GEM/2026/B/7526855,Solar Photovoltaic Water Pumping Systems (V2) as per MNRE Specification,Rural Development Department,1.0,225000.0,,Shree Enterprises( Mse Social Category:Obc ) Under Pma,225000.0,10,Devansh Enterprises( Mse Social Category:General ) Under Pma,L4,375000.0,possible_dup
GEM/2026/B/7526855,Solar Photovoltaic Water Pumping Systems (V2) as per MNRE Specification,Rural Development Department,1.0,225000.0,,Shree Enterprises( Mse Social Category:Obc ) Under Pma,225000.0,10,Shree Bhavani Enterprises( Mse Social Category:General ) Under Pma,L4,375000.0,possible_dup
GEM/2026/B/7489324,Super Structure Supply of Combined Toilet Block CTB 7.32M x 7.10M x 4.40M Height as per CE HQ 4 Cor,Ministry of DefenceDepartment of Military Affairs,2293.0,3320034700.0,,"M/S P.D.Enterprises(Mse,Mii) Under Pma",1447900.0,11,Bharat Metals Under Pma,,,unranked_vendor
GEM/2026/B/7489324,Super Structure Supply of Combined Toilet Block CTB 7.32M x 7.10M x 4.40M Height as per CE HQ 4 Cor,Ministry of DefenceDepartment of Military Affairs,2293.0,3320034700.0,,"M/S P.D.Enterprises(Mse,Mii) Under Pma",1447900.0,11,J. B. Associates Under Pma,,,unranked_vendor
GEM/2026/B/7489324,Super Structure Supply of Combined Toilet Block CTB 7.32M x 7.10M x 4.40M Height as per CE HQ 4 Cor,Ministry of DefenceDepartment of Military Affairs,2293.0,3320034700.0,,"M/S P.D.Enterprises(Mse,Mii) Under Pma",1447900.0,11,M/S Amit Traders Under Pma,,,unranked_vendor
GEM/2026/B/7489324,Super Structure Supply of Combined Toilet Block CTB 7.32M x 7.10M x 4.40M Height as per CE HQ 4 Cor,Ministry of DefenceDepartment of Military Affairs,2293.0,3320034700.0,,"M/S P.D.Enterprises(Mse,Mii) Under Pma",1447900.0,11,M/S P.D.Enterprises Under Pma,,,unranked_vendor
GEM/2026/B/7489324,Super Structure Supply of Combined Toilet Block CTB 7.32M x 7.10M x 4.40M Height as per CE HQ 4 Cor,Ministry of DefenceDepartment of Military Affairs,2293.0,3320034700.0,,"M/S P.D.Enterprises(Mse,Mii) Under Pma",1447900.0,11,N N Banik & Co Under Pma,,,unranked_vendor
GEM/2026/B/7489324,Super Structure Supply of Combined Toilet Block CTB 7.32M x 7.10M x 4.40M Height as per CE HQ 4 Cor,Ministry of DefenceDepartment of Military Affairs,2293.0,3320034700.0,,"M/S P.D.Enterprises(Mse,Mii) Under Pma",1447900.0,11,S. B. Trading Company Under Pma,,,unranked_vendor
GEM/2026/B/7489324,Super Structure Supply of Combined Toilet Block CTB 7.32M x 7.10M x 4.40M Height as per CE HQ 4 Cor,Ministry of DefenceDepartment of Military Affairs,2293.0,3320034700.0,,"M/S P.D.Enterprises(Mse,Mii) Under Pma",1447900.0,11,Vijay Industries Under Pma,,,unranked_vendor
GEM/2026/B/7489324,Super Structure Supply of Combined Toilet Block CTB 7.32M x 7.10M x 4.40M Height as per CE HQ 4 Cor,Ministry of DefenceDepartment of Military Affairs,2293.0,3320034700.0,,"M/S P.D.Enterprises(Mse,Mii) Under Pma",1447900.0,11,"M/S P.D.Enterprises(Mse,Mii) Under Pma",L1,1447900.0,possible_dup
GEM/2026/B/7489324,Super Structure Supply of Combined Toilet Block CTB 7.32M x 7.10M x 4.40M Height as per CE HQ 4 Cor,Ministry of DefenceDepartment of Military Affairs,2293.0,3320034700.0,,"M/S P.D.Enterprises(Mse,Mii) Under Pma",1447900.0,11,"S. B. Trading Company (Mse,Mii) Under Pma",L2,1477900.0,possible_dup
GEM/2026/B/7489324,Super Structure Supply of Combined Toilet Block CTB 7.32M x 7.10M x 4.40M Height as per CE HQ 4 Cor,Ministry of DefenceDepartment of Military Affairs,2293.0,3320034700.0,,"M/S P.D.Enterprises(Mse,Mii) Under Pma",1447900.0,11,"M/S Amit Traders (Mse,Mii) Under Pma",L3,1782009.0,ok
GEM/2026/B/7489324,Super Structure Supply of Combined Toilet Block CTB 7.32M x 7.10M x 4.40M Height as per CE HQ 4 Cor,Ministry of DefenceDepartment of Military Affairs,2293.0,3320034700.0,,"M/S P.D.Enterprises(Mse,Mii) Under Pma",1447900.0,11,"J. B. Associates (Mse,Mii) Under Pma",L4,1783008.0,ok
GEM/2026/B/7489244,Super Structure Supply of Combined Toilet Block CTB 7.32M x 7.10M x 4.40M Height as per CE HQ 4 Cor,Ministry of DefenceDepartment of Military Affairs,2293.0,3548600940.0,,"S. B. Trading Company(Mse,Mii) Under Pma",1547580.0,16,Bharat Metals Under Pma,,,"unranked_vendor, repeat_winner"
GEM/2026/B/7489244,Super Structure Supply of Combined Toilet Block CTB 7.32M x 7.10M x 4.40M Height as per CE HQ 4 Cor,Ministry of DefenceDepartment of Military Affairs,2293.0,3548600940.0,,"S. B. Trading Company(Mse,Mii) Under Pma",1547580.0,16,J. B. Associates Under Pma,,,"unranked_vendor, repeat_winner"
GEM/2026/B/7489244,Super Structure Supply of Combined Toilet Block CTB 7.32M x 7.10M x 4.40M Height as per CE HQ 4 Cor,Ministry of DefenceDepartment of Military Affairs,2293.0,3548600940.0,,"S. B. Trading Company(Mse,Mii) Under Pma",1547580.0,16,M/S Amit Traders Under Pma,,,"unranked_vendor, repeat_winner"
GEM/2026/B/7489244,Super Structure Supply of Combined Toilet Block CTB 7.32M x 7.10M x 4.40M Height as per CE HQ 4 Cor,Ministry of DefenceDepartment of Military Affairs,2293.0,3548600940.0,,"S. B. Trading Company(Mse,Mii) Under Pma",1547580.0,16,M/S L.D. Enterprises Under Pma,,,"possible_dup, repeat_winner"
GEM/2026/B/7489244,Super Structure Supply of Combined Toilet Block CTB 7.32M x 7.10M x 4.40M Height as per CE HQ 4 Cor,Ministry of DefenceDepartment of Military Affairs,2293.0,3548600940.0,,"S. B. Trading Company(Mse,Mii) Under Pma",1547580.0,16,M/S Mannat Enterprises Under Pma,,,"unranked_vendor, repeat_winner"
GEM/2026/B/7489244,Super Structure Supply of Combined Toilet Block CTB 7.32M x 7.10M x 4.40M Height as per CE HQ 4 Cor,Ministry of DefenceDepartment of Military Affairs,2293.0,3548600940.0,,"S. B. Trading Company(Mse,Mii) Under Pma",1547580.0,16,M/S P.D.Enterprises Under Pma,,,"unranked_vendor, repeat_winner"
GEM/2026/B/7489244,Super Structure Supply of Combined Toilet Block CTB 7.32M x 7.10M x 4.40M Height as per CE HQ 4 Cor,Ministry of DefenceDepartment of Military Affairs,2293.0,3548600940.0,,"S. B. Trading Company(Mse,Mii) Under Pma",1547580.0,16,"M/S Raj Associate, Udmari Borjhargaon, Dekargaon. Under Pma",,,"unranked_vendor, repeat_winner"
GEM/2026/B/7489244,Super Structure Supply of Combined Toilet Block CTB 7.32M x 7.10M x 4.40M Height as per CE HQ 4 Cor,Ministry of DefenceDepartment of Military Affairs,2293.0,3548600940.0,,"S. B. Trading Company(Mse,Mii) Under Pma",1547580.0,16,M/S Shree Durga Enterprise Under Pma,,,"unranked_vendor, repeat_winner"
GEM/2026/B/7489244,Super Structure Supply of Combined Toilet Block CTB 7.32M x 7.10M x 4.40M Height as per CE HQ 4 Cor,Ministry of DefenceDepartment of Military Affairs,2293.0,3548600940.0,,"S. B. Trading Company(Mse,Mii) Under Pma",1547580.0,16,N N Banik & Co Under Pma,,,"unranked_vendor, repeat_winner"
GEM/2026/B/7489244,Super Structure Supply of Combined Toilet Block CTB 7.32M x 7.10M x 4.40M Height as per CE HQ 4 Cor,Ministry of DefenceDepartment of Military Affairs,2293.0,3548600940.0,,"S. B. Trading Company(Mse,Mii) Under Pma",1547580.0,16,Prodigizon (Opc) Private Limited Under Pma,,,"unranked_vendor, repeat_winner"
GEM/2026/B/7489244,Super Structure Supply of Combined Toilet Block CTB 7.32M x 7.10M x 4.40M Height as per CE HQ 4 Cor,Ministry of DefenceDepartment of Military Affairs,2293.0,3548600940.0,,"S. B. Trading Company(Mse,Mii) Under Pma",1547580.0,16,S. B. Trading Company Under Pma,,,"unranked_vendor, repeat_winner"
GEM/2026/B/7489244,Super Structure Supply of Combined Toilet Block CTB 7.32M x 7.10M x 4.40M Height as per CE HQ 4 Cor,Ministry of DefenceDepartment of Military Affairs,2293.0,3548600940.0,,"S. B. Trading Company(Mse,Mii) Under Pma",1547580.0,16,"S. B. Trading Company(Mse,Mii) Under Pma",L1,1547580.0,"ok, repeat_winner"
GEM/2026/B/7489244,Super Structure Supply of Combined Toilet Block CTB 7.32M x 7.10M x 4.40M Height as per CE HQ 4 Cor,Ministry of DefenceDepartment of Military Affairs,2293.0,3548600940.0,,"S. B. Trading Company(Mse,Mii) Under Pma",1547580.0,16,"M/S L.D. Enterprises (Mse,Mii) Under Pma",L2,1550080.0,"ok, repeat_winner"
GEM/2026/B/7489244,Super Structure Supply of Combined Toilet Block CTB 7.32M x 7.10M x 4.40M Height as per CE HQ 4 Cor,Ministry of DefenceDepartment of Military Affairs,2293.0,3548600940.0,,"S. B. Trading Company(Mse,Mii) Under Pma",1547580.0,16,"Prodigizon (Opc) Private Limited (Mse,Mii) Under Pma",L3,1732675.0,"ok, repeat_winner"
GEM/2026/B/7489244,Super Structure Supply of Combined Toilet Block CTB 7.32M x 7.10M x 4.40M Height as per CE HQ 4 Cor,Ministry of DefenceDepartment of Military Affairs,2293.0,3548600940.0,,"S. B. Trading Company(Mse,Mii) Under Pma",1547580.0,16,"M/S Amit Traders (Mse,Mii) Under Pma",L4,1784590.0,"ok, repeat_winner"
GEM/2026/B/7489244,Super Structure Supply of Combined Toilet Block CTB 7.32M x 7.10M x 4.40M Height as per CE HQ 4 Cor,Ministry of DefenceDepartment of Military Affairs,2293.0,3548600940.0,,"S. B. Trading Company(Mse,Mii) Under Pma",1547580.0,16,"J. B. Associates (Mse,Mii) Under Pma",L5,1785240.0,"ok, repeat_winner"
GEM/2026/B/7489311,Super Structure Supply of Combined Toilet Block CTB 7.32M x 7.10M x 4.40M Height as per CE HQ 4 Cor,Ministry of DefenceDepartment of Military Affairs,2293.0,3826521712.0,,"S. B. Trading Company(Mse,Mii) Under Pma",1668784.0,15,Bharat Metals Under Pma,,,"unranked_vendor, repeat_winner"
GEM/2026/B/7489311,Super Structure Supply of Combined Toilet Block CTB 7.32M x 7.10M x 4.40M Height as per CE HQ 4 Cor,Ministry of DefenceDepartment of Military Affairs,2293.0,3826521712.0,,"S. B. Trading Company(Mse,Mii) Under Pma",1668784.0,15,J. B. Associates Under Pma,,,"unranked_vendor, repeat_winner"
GEM/2026/B/7489311,Super Structure Supply of Combined Toilet Block CTB 7.32M x 7.10M x 4.40M Height as per CE HQ 4 Cor,Ministry of DefenceDepartment of Military Affairs,2293.0,3826521712.0,,"S. B. Trading Company(Mse,Mii) Under Pma",1668784.0,15,M/S Amit Traders Under Pma,,,"unranked_vendor, repeat_winner"
GEM/2026/B/7489311,Super Structure Supply of Combined Toilet Block CTB 7.32M x 7.10M x 4.40M Height as per CE HQ 4 Cor,Ministry of DefenceDepartment of Military Affairs,2293.0,3826521712.0,,"S. B. Trading Company(Mse,Mii) Under Pma",1668784.0,15,M/S Mannat Enterprises Under Pma,,,"unranked_vendor, repeat_winner"
GEM/2026/B/7489311,Super Structure Supply of Combined Toilet Block CTB 7.32M x 7.10M x 4.40M Height as per CE HQ 4 Cor,Ministry of DefenceDepartment of Military Affairs,2293.0,3826521712.0,,"S. B. Trading Company(Mse,Mii) Under Pma",1668784.0,15,M/S P.D.Enterprises Under Pma,,,"unranked_vendor, repeat_winner"
GEM/2026/B/7489311,Super Structure Supply of Combined Toilet Block CTB 7.32M x 7.10M x 4.40M Height as per CE HQ 4 Cor,Ministry of DefenceDepartment of Military Affairs,2293.0,3826521712.0,,"S. B. Trading Company(Mse,Mii) Under Pma",1668784.0,15,N N Banik & Co Under Pma,,,"unranked_vendor, repeat_winner"
GEM/2026/B/7489311,Super Structure Supply of Combined Toilet Block CTB 7.32M x 7.10M x 4.40M Height as per CE HQ 4 Cor,Ministry of DefenceDepartment of Military Affairs,2293.0,3826521712.0,,"S. B. Trading Company(Mse,Mii) Under Pma",1668784.0,15,Pem Tsowang Under Pma,,,"unranked_vendor, repeat_winner"
GEM/2026/B/7489311,Super Structure Supply of Combined Toilet Block CTB 7.32M x 7.10M x 4.40M Height as per CE HQ 4 Cor,Ministry of DefenceDepartment of Military Affairs,2293.0,3826521712.0,,"S. B. Trading Company(Mse,Mii) Under Pma",1668784.0,15,Prodigizon (Opc) Private Limited Under Pma,,,"unranked_vendor, repeat_winner"
GEM/2026/B/7489311,Super Structure Supply of Combined Toilet Block CTB 7.32M x 7.10M x 4.40M Height as per CE HQ 4 Cor,Ministry of DefenceDepartment of Military Affairs,2293.0,3826521712.0,,"S. B. Trading Company(Mse,Mii) Under Pma",1668784.0,15,S. B. Trading Company Under Pma,,,"unranked_vendor, repeat_winner"
GEM/2026/B/7489311,Super Structure Supply of Combined Toilet Block CTB 7.32M x 7.10M x 4.40M Height as per CE HQ 4 Cor,Ministry of DefenceDepartment of Military Affairs,2293.0,3826521712.0,,"S. B. Trading Company(Mse,Mii) Under Pma",1668784.0,15,Vijay Industries Under Pma,,,"unranked_vendor, repeat_winner"
GEM/2026/B/7489311,Super Structure Supply of Combined Toilet Block CTB 7.32M x 7.10M x 4.40M Height as per CE HQ 4 Cor,Ministry of DefenceDepartment of Military Affairs,2293.0,3826521712.0,,"S. B. Trading Company(Mse,Mii) Under Pma",1668784.0,15,"S. B. Trading Company(Mse,Mii) Under Pma",L1,1668784.0,"ok, repeat_winner"
GEM/2026/B/7489311,Super Structure Supply of Combined Toilet Block CTB 7.32M x 7.10M x 4.40M Height as per CE HQ 4 Cor,Ministry of DefenceDepartment of Military Affairs,2293.0,3826521712.0,,"S. B. Trading Company(Mse,Mii) Under Pma",1668784.0,15,"Prodigizon (Opc) Private Limited (Mse,Mii) Under Pma",L2,1671784.0,"ok, repeat_winner"
GEM/2026/B/7489311,Super Structure Supply of Combined Toilet Block CTB 7.32M x 7.10M x 4.40M Height as per CE HQ 4 Cor,Ministry of DefenceDepartment of Military Affairs,2293.0,3826521712.0,,"S. B. Trading Company(Mse,Mii) Under Pma",1668784.0,15,"M/S Amit Traders (Mse,Mii) Under Pma",L3,1785700.0,"ok, repeat_winner"
GEM/2026/B/7489311,Super Structure Supply of Combined Toilet Block CTB 7.32M x 7.10M x 4.40M Height as per CE HQ 4 Cor,Ministry of DefenceDepartment of Military Affairs,2293.0,3826521712.0,,"S. B. Trading Company(Mse,Mii) Under Pma",1668784.0,15,"J. B. Associates (Mse,Mii) Under Pma",L4,1786109.0,"ok, repeat_winner"
GEM/2026/B/7489311,Super Structure Supply of Combined Toilet Block CTB 7.32M x 7.10M x 4.40M Height as per CE HQ 4 Cor,Ministry of DefenceDepartment of Military Affairs,2293.0,3826521712.0,,"S. B. Trading Company(Mse,Mii) Under Pma",1668784.0,15,"Pem Tsowang (Mse,Mii) Under Pma",L5,1808950.0,"ok, repeat_winner"
GEM/2026/B/7514794,Diluent 5 ltr (Mythic 5 vet pro) 5%,Ministry of DefenceDepartment of Military Affairs,1.0,6720.0,,Compact Diagnostics (India) Private Limited Under Pma,6720.0,3,Chamunda Scientific Medical Co Under Pma,L3,7730.0,ok
GEM/2026/B/7514794,Diluent 5 ltr (Mythic 5 vet pro) 5%,Ministry of DefenceDepartment of Military Affairs,1.0,6720.0,,Compact Diagnostics (India) Private Limited Under Pma,6720.0,3,Compact Diagnostics (India) Private Limited Under Pma,L1,6720.0,ok
GEM/2026/B/7514794,Diluent 5 ltr (Mythic 5 vet pro) 5%,Ministry of DefenceDepartment of Military Affairs,1.0,6720.0,,Compact Diagnostics (India) Private Limited Under Pma,6720.0,3,Kpm Healthcare Under Pma,L2,7392.0,ok
